2026/10/03 10:31:23.742, 952 MiB, 0 %
2026/10/03 10:31:24.000, 952 MiB, 0 %
2026/10/03 10:31:24.251, 952 MiB, 0 %
2026/10/03 10:31:24.501, 952 MiB, 0 %
2026/10/03 10:31:24.751, 952 MiB, 0 %
2026/10/03 10:31:25.002, 952 MiB, 0 %
2026/10/03 10:31:25.252, 952 MiB, 0 %
2026/10/03 10:31:25.502, 952 MiB, 0 %
2026/10/03 10:31:25.753, 952 MiB, 0 %
2026/10/03 10:31:26.003, 952 MiB, 0 %
2026/10/03 10:31:26.254, 952 MiB, 0 %
2026/10/03 10:31:26.504, 952 MiB, 0 %
2026/10/03 10:31:26.754, 952 MiB, 0 %
2026/10/03 10:31:27.005, 952 MiB, 0 %
2026/10/03 10:31:27.255, 952 MiB, 0 %
2026/10/03 10:31:27.506, 952 MiB, 0 %
2026/10/03 10:31:27.756, 952 MiB, 0 %
2026/10/03 10:31:28.006, 952 MiB, 0 %
2026/10/03 10:31:28.257, 952 MiB, 0 %
2026/10/03 10:31:28.507, 952 MiB, 0 %
2026/10/03 10:31:28.758, 952 MiB, 0 %
2026/10/03 10:31:29.008, 952 MiB, 0 %
2026/10/03 10:31:29.258, 952 MiB, 0 %
2026/10/03 10:31:29.509, 952 MiB, 0 %
2026/10/03 10:31:29.759, 952 MiB, 0 %
2026/10/03 10:31:30.010, 952 MiB, 0 %
2026/10/03 10:31:30.260, 952 MiB, 0 %
2026/10/03 10:31:30.510, 952 MiB, 0 %
2026/10/03 10:31:30.761, 952 MiB, 0 %
2026/10/03 10:31:31.011, 952 MiB, 0 %
2026/10/03 10:31:31.262, 952 MiB, 0 %
2026/10/03 10:31:31.512, 952 MiB, 0 %
2026/10/03 10:31:31.762, 952 MiB, 0 %
2026/10/03 10:31:32.013, 952 MiB, 0 %
2026/10/03 10:31:32.263, 952 MiB, 0 %
2026/10/03 10:31:32.514, 952 MiB, 0 %
2026/10/03 10:31:32.764, 952 MiB, 0 %
2026/10/03 10:31:33.014, 952 MiB, 0 %
2026/10/03 10:31:33.265, 952 MiB, 0 %
2026/10/03 10:31:33.515, 952 MiB, 0 %
2026/10/03 10:31:33.766, 952 MiB, 0 %
2026/10/03 10:31:34.016, 952 MiB, 0 %
2026/10/03 10:31:34.266, 952 MiB, 0 %
2026/10/03 10:31:34.517, 952 MiB, 0 %
2026/10/03 10:31:34.767, 952 MiB, 0 %
2026/10/03 10:31:35.017, 952 MiB, 0 %
2026/10/03 10:31:35.268, 952 MiB, 0 %
2026/10/03 10:31:35.518, 952 MiB, 0 %
2026/10/03 10:31:35.769, 952 MiB, 0 %
2026/10/03 10:31:36.019, 952 MiB, 0 %
2026/10/03 10:31:36.269, 952 MiB, 0 %
2026/10/03 10:31:36.520, 966 MiB, 0 %
2026/10/03 10:31:36.770, 970 MiB, 0 %
2026/10/03 10:31:37.020, 978 MiB, 1 %
2026/10/03 10:31:37.271, 978 MiB, 1 %
2026/10/03 10:31:37.521, 978 MiB, 0 %
2026/10/03 10:31:37.771, 978 MiB, 0 %
2026/10/03 10:31:38.022, 978 MiB, 0 %
2026/10/03 10:31:38.272, 978 MiB, 0 %
2026/10/03 10:31:38.523, 978 MiB, 1 %
2026/10/03 10:31:38.773, 978 MiB, 1 %
2026/10/03 10:31:39.023, 978 MiB, 0 %
2026/10/03 10:31:39.274, 978 MiB, 0 %
2026/10/03 10:31:39.524, 980 MiB, 0 %
2026/10/03 10:31:39.774, 980 MiB, 0 %
2026/10/03 10:31:40.025, 980 MiB, 0 %
2026/10/03 10:31:40.275, 980 MiB, 0 %
2026/10/03 10:31:40.526, 980 MiB, 0 %
2026/10/03 10:31:40.776, 980 MiB, 0 %
2026/10/03 10:31:41.026, 980 MiB, 0 %
2026/10/03 10:31:41.277, 980 MiB, 0 %
2026/10/03 10:31:41.527, 980 MiB, 0 %
2026/10/03 10:31:41.778, 980 MiB, 0 %
2026/10/03 10:31:42.028, 980 MiB, 0 %
2026/10/03 10:31:42.278, 980 MiB, 0 %
2026/10/03 10:31:42.529, 980 MiB, 0 %
2026/10/03 10:31:42.779, 980 MiB, 0 %
2026/10/03 10:31:43.030, 980 MiB, 0 %
2026/10/03 10:31:43.280, 980 MiB, 0 %
2026/10/03 10:31:43.530, 980 MiB, 0 %
2026/10/03 10:31:43.781, 980 MiB, 0 %
2026/10/03 10:31:44.031, 980 MiB, 0 %
2026/10/03 10:31:44.282, 980 MiB, 0 %
2026/10/03 10:31:44.532, 980 MiB, 0 %
2026/10/03 10:31:44.782, 980 MiB, 0 %
2026/10/03 10:31:45.033, 980 MiB, 0 %
2026/10/03 10:31:45.283, 980 MiB, 0 %
2026/10/03 10:31:45.534, 980 MiB, 0 %
2026/10/03 10:31:45.784, 980 MiB, 0 %
2026/10/03 10:31:46.034, 980 MiB, 0 %
2026/10/03 10:31:46.285, 980 MiB, 0 %
2026/10/03 10:31:46.535, 980 MiB, 0 %
2026/10/03 10:31:46.786, 980 MiB, 0 %
2026/10/03 10:31:47.036, 980 MiB, 0 %
2026/10/03 10:31:47.286, 980 MiB, 0 %
2026/10/03 10:31:47.537, 980 MiB, 0 %
2026/10/03 10:31:47.787, 980 MiB, 0 %
2026/10/03 10:31:48.038, 980 MiB, 0 %
2026/10/03 10:31:48.288, 980 MiB, 0 %
2026/10/03 10:31:48.538, 980 MiB, 0 %
2026/10/03 10:31:48.789, 980 MiB, 0 %
2026/10/03 10:31:49.039, 980 MiB, 0 %
2026/10/03 10:31:49.290, 980 MiB, 0 %
2026/10/03 10:31:49.540, 980 MiB, 0 %
2026/10/03 10:31:49.791, 980 MiB, 0 %
2026/10/03 10:31:50.041, 980 MiB, 0 %
2026/10/03 10:31:50.291, 980 MiB, 0 %
2026/10/03 10:31:50.543, 980 MiB, 0 %
2026/10/03 10:31:50.795, 980 MiB, 0 %
2026/10/03 10:31:51.046, 980 MiB, 0 %
2026/10/03 10:31:51.297, 980 MiB, 0 %
2026/10/03 10:31:51.547, 980 MiB, 0 %
2026/10/03 10:31:51.797, 980 MiB, 0 %
2026/10/03 10:31:52.048, 980 MiB, 0 %
2026/10/03 10:31:52.298, 980 MiB, 0 %
2026/10/03 10:31:52.548, 980 MiB, 0 %
2026/10/03 10:31:52.799, 980 MiB, 0 %
2026/10/03 10:31:53.049, 980 MiB, 0 %
2026/10/03 10:31:53.300, 980 MiB, 0 %
2026/10/03 10:31:53.550, 980 MiB, 0 %
2026/10/03 10:31:53.800, 980 MiB, 0 %
2026/10/03 10:31:54.051, 980 MiB, 0 %
2026/10/03 10:31:54.301, 980 MiB, 0 %
2026/10/03 10:31:54.552, 980 MiB, 0 %
2026/10/03 10:31:54.802, 980 MiB, 0 %
2026/10/03 10:31:55.052, 980 MiB, 0 %
2026/10/03 10:31:55.303, 980 MiB, 0 %
2026/10/03 10:31:55.553, 980 MiB, 0 %
2026/10/03 10:31:55.804, 980 MiB, 0 %
2026/10/03 10:31:56.054, 980 MiB, 0 %
2026/10/03 10:31:56.304, 980 MiB, 0 %
2026/10/03 10:31:56.555, 980 MiB, 0 %
2026/10/03 10:31:56.805, 980 MiB, 0 %
2026/10/03 10:31:57.055, 980 MiB, 0 %
2026/10/03 10:31:57.306, 980 MiB, 0 %
2026/10/03 10:31:57.556, 980 MiB, 0 %
2026/10/03 10:31:57.807, 980 MiB, 0 %
2026/10/03 10:31:58.057, 980 MiB, 0 %
2026/10/03 10:31:58.307, 980 MiB, 0 %
2026/10/03 10:31:58.558, 980 MiB, 0 %
2026/10/03 10:31:58.808, 980 MiB, 0 %
2026/10/03 10:31:59.059, 980 MiB, 0 %
2026/10/03 10:31:59.309, 980 MiB, 0 %
2026/10/03 10:31:59.559, 980 MiB, 0 %
2026/10/03 10:31:59.810, 980 MiB, 0 %
2026/10/03 10:32:00.060, 980 MiB, 0 %
2026/10/03 10:32:00.311, 980 MiB, 0 %
2026/10/03 10:32:00.561, 980 MiB, 0 %
2026/10/03 10:32:00.811, 980 MiB, 0 %
2026/10/03 10:32:01.062, 980 MiB, 0 %
2026/10/03 10:32:01.312, 980 MiB, 0 %
2026/10/03 10:32:01.563, 980 MiB, 0 %
2026/10/03 10:32:01.813, 980 MiB, 0 %
2026/10/03 10:32:02.063, 980 MiB, 0 %
2026/10/03 10:32:02.314, 980 MiB, 0 %
2026/10/03 10:32:02.564, 980 MiB, 0 %
2026/10/03 10:32:02.814, 980 MiB, 0 %
2026/10/03 10:32:03.065, 980 MiB, 0 %
2026/10/03 10:32:03.315, 980 MiB, 0 %
2026/10/03 10:32:03.566, 980 MiB, 0 %
2026/10/03 10:32:03.816, 980 MiB, 0 %
2026/10/03 10:32:04.066, 980 MiB, 0 %
2026/10/03 10:32:04.317, 980 MiB, 0 %
2026/10/03 10:32:04.567, 980 MiB, 0 %
2026/10/03 10:32:04.818, 980 MiB, 0 %
2026/10/03 10:32:05.068, 980 MiB, 0 %
