d262-a1/a1-001/identity-post.json	4812	d38a7313993d7da5ee3f85dc84681878b45fd0553f983caf199a8b92cbcf8422
d262-a1/a1-001/identity-pre.json	4812	d38a7313993d7da5ee3f85dc84681878b45fd0553f983caf199a8b92cbcf8422
d262-a1/a1-001/markers.json	70570	5b2f8115566435eb7353df344792bad09d8f30bdcac68e514c64a5a73a500582
d262-a1/a1-001/obs.meta.json	594	35678ce410b6a4a3a1b94452323c2d7f946ee85283c1050d7c47b63977627bd3
d262-a1/a1-001/obs.row0.f32	993280	45ed4210d5016a3a67f9db3a12a888279df5437cb1f0f9679896509b5dfde6f8
d262-a1/a1-001/obs.row1.f32	993280	10ab6c98214c1288a7431cf985c8bbe6d58afbb558a7153a3621a3fc74b319a6
d262-a1/a1-001/obs.row2.f32	993280	ed6c2d249a6f3fc92fed52e362e95e429a9340ce5e635f5107342b2cc1edded4
d262-a1/a1-001/obs.row3.f32	993280	c142b4968cf83f8fc75cc202afd109bcd83269cbfb5f475c27cefe50aa488d61
d262-a1/a1-001/obs.row4.f32	993280	3c207a07240a0390884d6a1ad448f350caf724fefaa45ef98e1251bf24df45e8
d262-a1/a1-001/obs.row5.f32	993280	b043ee338140a48db9f6755e316f1b25526ddc5e7b5d898ee383d1b8377e2f1c
d262-a1/a1-001/obs.row6.f32	993280	54f2f3e694034956e046c1d671f03000b63c2bfe787078c386e0e948a6a583e0
d262-a1/a1-001/obs.row7.f32	993280	61d3604e7f8861a4ff91b3037a3db50a1b0b8b1ec116465f88656ee91c540482
d262-a1/a1-001/response.json.raw	18316	625435f3d0da3339ae3ccde3fbc4031643bb82b865f16b20f7c7d1c5c495ae00
d262-a1/a1-001/server.log	3461524	4d760a909d1e7b115ef5e247533fb940cf68d37548e125d822373654d0c5f344
d262-a1/a1-001/unit.json	878	0dccbbe815f13a6d6761360b568212271c4461956b2cc1ed14648b7a612c298b
d262-a1/a1-002/identity-post.json	4812	d38a7313993d7da5ee3f85dc84681878b45fd0553f983caf199a8b92cbcf8422
d262-a1/a1-002/identity-pre.json	4812	d38a7313993d7da5ee3f85dc84681878b45fd0553f983caf199a8b92cbcf8422
d262-a1/a1-002/markers.json	70570	5b2f8115566435eb7353df344792bad09d8f30bdcac68e514c64a5a73a500582
d262-a1/a1-002/obs.meta.json	594	35678ce410b6a4a3a1b94452323c2d7f946ee85283c1050d7c47b63977627bd3
d262-a1/a1-002/obs.row0.f32	993280	8fc1ec568c8d86ee7df773e610e502b15672b2c8d3f46d427e78aa28e160530e
d262-a1/a1-002/obs.row1.f32	993280	f9bd27930fc2ae8160a2d500b3a4e44c3783b1e792442bb332d680ffd3e81893
d262-a1/a1-002/obs.row2.f32	993280	86c77bc5ed2a214e4da656cc3ad443642ae99ab4cc8d52521a9ccffffbb4f661
d262-a1/a1-002/obs.row3.f32	993280	7a688e5461f45a820046a9a7d079270310b2fa88c04354d13403d0918025e142
d262-a1/a1-002/obs.row4.f32	993280	140c6733257b82ebfe1f47fe5143fa77612ce650c0e28bae80888edd191a70f9
d262-a1/a1-002/obs.row5.f32	993280	4a4bc9840514c761ee5f78d1ff51320a695e20aff79123b6c61f0026bc641d53
d262-a1/a1-002/obs.row6.f32	993280	eafb31c1b20a9dff1c8ed01e4ffceb518b7d73bac115b02cf63b311cad8b3d3f
d262-a1/a1-002/obs.row7.f32	993280	6d6f1e44284174de691a90c66a4012e4f5ad7310fbac512d8bee2cac1900eebe
d262-a1/a1-002/response.json.raw	18315	4c066fa5690c6e14b8533e3de3066bdcfe0b799b8468376c33768de73ec5e354
d262-a1/a1-002/server.log	3461079	96cf2c9514783480e54b9b131daed60c55894e45b82242284683bba325d845f7
d262-a1/a1-002/unit.json	878	9c13869d802402e42cb5cb5c8e77a101cac96830fc773cfca2169a10f0265208
d262-a5/a5-001/identity-post.json	4812	d38a7313993d7da5ee3f85dc84681878b45fd0553f983caf199a8b92cbcf8422
d262-a5/a5-001/identity-pre.json	4812	d38a7313993d7da5ee3f85dc84681878b45fd0553f983caf199a8b92cbcf8422
d262-a5/a5-001/markers.json	70808	6c69280155e2a1683683a4fc54b572a497d5ca30f3d10dc08fa0f72cb1a807e7
d262-a5/a5-001/obs.meta.json	594	35678ce410b6a4a3a1b94452323c2d7f946ee85283c1050d7c47b63977627bd3
d262-a5/a5-001/obs.row0.f32	993280	c44f906e3681146552fe0c62a5e5ac96fc37d737fbcb68e836c6d15ea192436b
d262-a5/a5-001/obs.row1.f32	993280	a91c14cc856f40de762a689853fac5506b4345e729411a75c874c882ff0cc867
d262-a5/a5-001/obs.row2.f32	993280	a668a7c2bc83fafeb6517e6aacff716ac297cea7da2a68a47e2bcc8b9769abe0
d262-a5/a5-001/obs.row3.f32	993280	477a031373796b134c3f2ba0ac13f934ddb13c2b64c43743a9a4aaab512773f0
d262-a5/a5-001/obs.row4.f32	993280	a2101c31ee06a4957bd33dd9142c51e982f231b141f5c6b47f1f4fae96968f17
d262-a5/a5-001/obs.row5.f32	993280	82e0d24016f2ee768f9cec4ce6916710aaf3cbd5a45d5e7037e9883981762a45
d262-a5/a5-001/obs.row6.f32	993280	97f77a3e2265e8851e7c9bce014f6e313e09806de6bba4232d09319de586df30
d262-a5/a5-001/obs.row7.f32	993280	a15ecd964799cf74a088f63ba5e7f8979922d8553765370d4ec122d4646a845e
d262-a5/a5-001/response.json.raw	18317	3e122b5dd507f66eb5294c43cfbc4399bd125fdb65790ae5106903db225f08d9
d262-a5/a5-001/server.log	2360407	3cd46fdef9535f10ab968239fd497a986f2901dcd3e49bbd43b90a97b9f19995
d262-a5/a5-001/unit.json	878	0a53cdb04b9dbbf54f67e07ba25dfd679b52048601dc24ede9369c020044d3f2
d262-a5/a5-002/identity-post.json	4812	d38a7313993d7da5ee3f85dc84681878b45fd0553f983caf199a8b92cbcf8422
d262-a5/a5-002/identity-pre.json	4812	d38a7313993d7da5ee3f85dc84681878b45fd0553f983caf199a8b92cbcf8422
d262-a5/a5-002/markers.json	70808	6c69280155e2a1683683a4fc54b572a497d5ca30f3d10dc08fa0f72cb1a807e7
d262-a5/a5-002/obs.meta.json	594	35678ce410b6a4a3a1b94452323c2d7f946ee85283c1050d7c47b63977627bd3
d262-a5/a5-002/obs.row0.f32	993280	4b442acd75f212ea006cfbf8bb06d40231b9884ee5cd018406444ebf95848fb8
d262-a5/a5-002/obs.row1.f32	993280	23a6696b17281926ffca923764e8a5092784e3880888c7f5cb8c1892b76a23b2
d262-a5/a5-002/obs.row2.f32	993280	72c28e77f64efeee7bcf68b1ba40216e60aabbc35d7682cac09982c69f55369a
d262-a5/a5-002/obs.row3.f32	993280	f06002df672e702b4309605f9d73583450b26a7d7e4a29cc3a0681e4e58be18a
d262-a5/a5-002/obs.row4.f32	993280	7a9696a9e3a52c6b9c96492de87401eba3b342cb942b05e05dac7e4fba8a4202
d262-a5/a5-002/obs.row5.f32	993280	92247384b5c7283321eef2c42c54b418d86db3c92420025e331e724a38de1782
d262-a5/a5-002/obs.row6.f32	993280	7ec2526587c18c4b96aecd3170fbbb72b9dcc4bc59d44b96c40f32066e19ee43
d262-a5/a5-002/obs.row7.f32	993280	5bc1e8f63712aa3e27bdfec7c02489c3119ff190f7422af085151358ac6b65b9
d262-a5/a5-002/response.json.raw	18317	a58baffcb95a360dbe9921776c1b03c0f939fd6239e24271d3095efd0b2eb996
d262-a5/a5-002/server.log	2360407	b2ad91358e6b022e544cd282c394a0bbb8e8d8eb2a497e49e8ee570a7792e29b
d262-a5/a5-002/unit.json	878	172a82bea979707d6eee76e4cab001c6fe2b67807beeec92e86e1cd257e4bd70
d262-base/base-001/identity-post.json	4812	d38a7313993d7da5ee3f85dc84681878b45fd0553f983caf199a8b92cbcf8422
d262-base/base-001/identity-pre.json	4812	d38a7313993d7da5ee3f85dc84681878b45fd0553f983caf199a8b92cbcf8422
d262-base/base-001/markers.json	70795	7e690782160fddce1557ac3b1d858a880b22584fa987fc1964e015b6fbceb682
d262-base/base-001/obs.meta.json	594	35678ce410b6a4a3a1b94452323c2d7f946ee85283c1050d7c47b63977627bd3
d262-base/base-001/obs.row0.f32	993280	980b1cdfb9bbdc8ebf7bb0fcb9c81efe9e13b2a8ac3268c0062cf5e8681be7f9
d262-base/base-001/obs.row1.f32	993280	66b736b979c87b81341a296d3c9f00fe2eb8b8fc79dd90ffef9ba0612d366484
d262-base/base-001/obs.row2.f32	993280	bd60689b57e44d5d34e687030c88d357b77ceb0662b913fe9e0ba158fb31ab5d
d262-base/base-001/obs.row3.f32	993280	cd0a3697302c132912b9de70765a2a76ac08cc4681dcc4f440a1217adfe7fe3c
d262-base/base-001/obs.row4.f32	993280	bd79bfbc7918c62ae9bf02db5bc3c06ac85bd6af1967f60b8399afc83c1a0255
d262-base/base-001/obs.row5.f32	993280	aeddfe873519aabba061aeaf5ee8f0b8362bc205675819e6bdf40c179c06191d
d262-base/base-001/obs.row6.f32	993280	87ca467d9645b5967c6df36091a727926a82b07394684803a37a6a417582efe8
d262-base/base-001/obs.row7.f32	993280	b9c560a66297c560951252b77a5ba212c2640a6ae636acc6aa8e75ae09b0f95b
d262-base/base-001/response.json.raw	18306	6264d7397363f19298916c67d00f8ef9c0282137173a1aa7b9f6ca430ddcacfa
d262-base/base-001/server.log	2360277	406f845a7f17602c8cd726f0f5aec7ceca7b181b4fa6b2e5d0b655162cb06894
d262-base/base-001/unit.json	880	22a86ebb2e5b3cb1c9da7ac0cfc439c04810bb9079029ac240b9c34a71ebf843
d262-base/base-002/identity-post.json	4812	d38a7313993d7da5ee3f85dc84681878b45fd0553f983caf199a8b92cbcf8422
d262-base/base-002/identity-pre.json	4812	d38a7313993d7da5ee3f85dc84681878b45fd0553f983caf199a8b92cbcf8422
d262-base/base-002/markers.json	70795	a14fd844a46a175d2d7e3b0b481e7882444a498367f254d00145fa9513da38bc
d262-base/base-002/obs.meta.json	594	35678ce410b6a4a3a1b94452323c2d7f946ee85283c1050d7c47b63977627bd3
d262-base/base-002/obs.row0.f32	993280	0f4f5349d0bef925fcdd350ae003185dc22d32f6be59f57ce39765eec7aaf579
d262-base/base-002/obs.row1.f32	993280	3aa6fd1362492bcca89f33835ed773167d31338148532b6c0ca36cf9984a7024
d262-base/base-002/obs.row2.f32	993280	94790e8cfc1b578d3ab90ada6b7013e68057a2410d194bcca8a22e54372de574
d262-base/base-002/obs.row3.f32	993280	56ee6bf65f8b2b73538a09dffd1055fcea6d83037751f10689b551690d33dda8
d262-base/base-002/obs.row4.f32	993280	71e3d0310a79708e8e2776f9da796cc089300c824b7c083473cadb1e4be22aa7
d262-base/base-002/obs.row5.f32	993280	94fa3b3eba38977b08a066c15097a1a9d3029cef4491ad4d3cbed509dd0dbd8b
d262-base/base-002/obs.row6.f32	993280	e66c96af0237fd836f49087b5abf14cf43cf3c35e7efd9691f42dc446c702d24
d262-base/base-002/obs.row7.f32	993280	ae11e8f595b8e17905fce15e14963a1c69ebad74d4bfba70a32531bb7b944342
d262-base/base-002/response.json.raw	18317	ad83a94992ef7c544b91eb62132b958c5d922f73b5016802d565f5db40372943
d262-base/base-002/server.log	2359832	aafda92a123b06864168f59295e748e62d446a984362be7583d791208039d987
d262-base/base-002/unit.json	880	50b222cdbce72f8a642d57933cc901f05f41a3980bd13de0871fa2b330c93002
producer-defect-quarantine/base-parse-defect-001/obs.meta.json	594	35678ce410b6a4a3a1b94452323c2d7f946ee85283c1050d7c47b63977627bd3
producer-defect-quarantine/base-parse-defect-001/obs.row0.f32	993280	0913a0e61336c06fb6c6c3abf0daaedb201fbee7368bc652a40ec14bdb2a45a1
producer-defect-quarantine/base-parse-defect-001/obs.row1.f32	993280	b916c0faec09b2819f0f0214b9b21005c2fe7e12f1e026b9f88891a99537c087
producer-defect-quarantine/base-parse-defect-001/obs.row2.f32	993280	98ad896c4251bce2a794ea85ab862f953e38171188c1256682ec70ee3c9799a2
producer-defect-quarantine/base-parse-defect-001/obs.row3.f32	993280	408b42bf47eb86a85eaa4d3b74612311559fdccdd04b54ec2feecfe078641181
producer-defect-quarantine/base-parse-defect-001/obs.row4.f32	993280	8f9e2eb826023c2d80f808fb7dad84dd4cfe31e4251514195f11b394e59b42b3
producer-defect-quarantine/base-parse-defect-001/obs.row5.f32	993280	17fbe10634ddfefe90e1584249d7dff802e4c472805dfb07ef2101dc5aea8ae6
producer-defect-quarantine/base-parse-defect-001/obs.row6.f32	993280	cf8592b9e1b79bf9fa5e616c1a22599947acd8d293bf347f41f59ce4e9fbaac1
producer-defect-quarantine/base-parse-defect-001/obs.row7.f32	993280	d55535117fea365c92952dc89d8debce971dc3823049d76091219d0fb0f43ba3
producer-defect-quarantine/base-parse-defect-001/server.log	2360277	8d2d17f384464afc3d84809a9691712f10368caee949148734b667ee64ef4348
producer-defect-quarantine/base-run2-parser-defect-001/obs.meta.json	594	35678ce410b6a4a3a1b94452323c2d7f946ee85283c1050d7c47b63977627bd3
producer-defect-quarantine/base-run2-parser-defect-001/obs.row0.f32	993280	8e78ee0c51e18e766612743105b6219e323768210ee0f4996ccd3c7f35451cf3
producer-defect-quarantine/base-run2-parser-defect-001/obs.row1.f32	993280	a55bd4e9797c74260bba79395ad1c2582dfba241ae536f33289888614a2f6895
producer-defect-quarantine/base-run2-parser-defect-001/obs.row2.f32	993280	2c6cb24bef2fd70d23a391100ac0bfdc5c02665b16afe19b636f8e0cadffeec0
producer-defect-quarantine/base-run2-parser-defect-001/obs.row3.f32	993280	6e88b933472ab952bef961112c725c8bc2d15f967b4d56607bd63b4812dcdaba
producer-defect-quarantine/base-run2-parser-defect-001/obs.row4.f32	993280	7d73a12f0c9d39cf1f5c6fae411bdd5f4714052087a796313ce3061743734d65
producer-defect-quarantine/base-run2-parser-defect-001/obs.row5.f32	993280	319fa32ff2c6672256a883a4d9c582f7137d5222fc570e5435135fd4d8dc87a6
producer-defect-quarantine/base-run2-parser-defect-001/obs.row6.f32	993280	0c94eb199b409629fc9e8937578156c9e6accfbd24462ceb2204b86ca8dc4690
producer-defect-quarantine/base-run2-parser-defect-001/obs.row7.f32	993280	1fa07358b68aa4cf79b46f26ccc0b0d9e916942367d40f95fdbfdadef7f1bfaf
producer-defect-quarantine/base-run2-parser-defect-001/server.log	2360277	24ceca347fcc0ec327f88d5d68120d174d85b3c656c44abf23f54d1c1f273d00
producer-defect-quarantine/base-run3-prefix-law-001/obs.meta.json	594	35678ce410b6a4a3a1b94452323c2d7f946ee85283c1050d7c47b63977627bd3
producer-defect-quarantine/base-run3-prefix-law-001/obs.row0.f32	993280	8f753f34d4075f525f9358cc077a2d2bfe27098a1b2b42e0843355b763ef78f2
producer-defect-quarantine/base-run3-prefix-law-001/obs.row1.f32	993280	25eba96ab2301d221469826ef1aa2ecf5d62f624b143561c84f815d7e53878f1
producer-defect-quarantine/base-run3-prefix-law-001/obs.row2.f32	993280	0a340e7589620cc68de9235db887bd5649647198f222cb1fb83defaf247f816a
producer-defect-quarantine/base-run3-prefix-law-001/obs.row3.f32	993280	49a2bf80da21213f4ea84bb365421e936ec3e2b8df551dce9edb333dd1b63190
producer-defect-quarantine/base-run3-prefix-law-001/obs.row4.f32	993280	abea5d48cea36acfed5d58acee7b6af3d8a2613074422f6e36757a8d9e72908c
producer-defect-quarantine/base-run3-prefix-law-001/obs.row5.f32	993280	6e9ab87aeb198f2e983fac9cb68acc5e365ef5f3bf454f413cdfb6d6609bf00e
producer-defect-quarantine/base-run3-prefix-law-001/obs.row6.f32	993280	5ae356e507fb1f1398644f82bde628ad9cf9b0ee08ddd58d031ab93c55895898
producer-defect-quarantine/base-run3-prefix-law-001/obs.row7.f32	993280	5b95aa633c2a6339fd353ca477706b935d46b82313171ece6c6ae72ab18e71d2
producer-defect-quarantine/base-run3-prefix-law-001/server.log	2360277	1337fb7aa4f2daeb6b747faaf0b27215ca69642cbf29c538ee056fc7b97b6309
